{
  "dropItems": true,
  "growthTime": 10,
  "perItemGrowthTimes": {
    "minecraft:birch_sapling": -1,
    "terrestria:redwood_sapling": -1,
    "traverse:red_autumnal_sapling": -1,
    "minecraft:wheat": -1,
    "minecraft:red_tulip": -1,
    "minecraft:bamboo": -1,
    "minecraft:beetroots": -1,
    "minecraft:azure_bluet": -1,
    "traverse:brown_autumnal_sapling": -1,
    "minecraft:pink_tulip": -1,
    "minecraft:red_mushroom": -1,
    "minecraft:blue_orchid": -1,
    "minecraft:melon_stem": -1,
    "minecraft:lily_of_the_valley": -1,
    "minecraft:oak_sapling": -1,
    "minecraft:pumpkin_stem": -1,
    "terrestria:rubber_sapling": -1,
    "blockus:white_oak_sapling": -1,
    "minecraft:carrots": -1,
    "minecraft:potatoes": -1,
    "terrestria:japanese_maple_sapling": -1,
    "terrestria:willow_sapling": -1,
    "terrestria:sakura_sapling": -1,
    "traverse:yellow_autumnal_sapling": -1,
    "traverse:orange_autumnal_sapling": -1,
    "minecraft:cactus": -1
  },
  "growthModifierRegexPatterns": {}
}