{
  "easyHarvestCrops": true,
  "easyHarvestSugarcane": true,
  "easyHarvestDropAsItems": false,
  "autoPlanting": {
    "enabled": true,
    "delay": 20
  },
  "rejuvenation": {
    "enabled": true,
    "grassGrowthRate": 0.0125,
    "thePowerOfFriendship": 1.25,
    "longGrass": 0.01,
    "saplings": true
  },
  "plantHitboxes": false,
  "leaves": {
    "collide": false,
    "persistentCollide": false,
    "slow": true,
    "slowAmount": 0.75,
    "climb": true,
    "treeClimbingSpeed": 0.75
  },
  "leafDecaySpeed": 1,
  "betterLilyPads": true,
  "farmerVillagerAutomation": true,
  "animalsEatOffGround": true,
  "animalsEatCrops": true,
  "netherRejuvenation": {
    "enabled": true,
    "rootsGrowthRate": 0.0125,
    "thePowerOfFriendship": 1.25,
    "sproutRootsRatio": 75,
    "vinesChance": 0.01
  },
  "blueSoulFireEffects": true,
  "soulFireDoesMoreDamage": false,
  "flintAndSteel": {
    "enabled": true,
    "burnTime": 3
  },
  "lanternBlastResistance": true,
  "namesAndThings": {
    "containerLabels": true,
    "labelScale": 100
  },
  "mossyThings": true,
  "burningLogsDropCharcoal": true,
  "doubleDoors": true,
  "bubbleColumnsFlow": false,
  "infiniteCauldrons": true,
  "easyXp": true,
  "snowFallsThroughLeaves": true,
  "armorStandSwap": true,
  "automaticDoors": true
}