{
  "Fixes": {
    "clientChunkEntityDupeFix": false,
    "elytraFix": false,
    "macHorizontalScroll": false,
    "profilerChartFix": false,
    "ravagerClientBlockBreakFix": false,
    "tileEntityUnloadOptimization": false
  },
  "Generic": {
    "clientPlacementRotation": true,
    "freeCameraPlayerInputs": false,
    "freeCameraPlayerMovement": false,
    "lavaVisibilityOptifineCompat": true,
    "handRestockPre": true,
    "hangableEntityBypassInverse": false,
    "permanentSneakAllowInGUIs": false,
    "placementRestrictionTiedToFast": true,
    "potionWarningBeneficialOnly": true,
    "shulkerDisplayBgColor": true,
    "shulkerDisplayRequireShift": true,
    "slotSyncWorkaround": true,
    "slotSyncWorkaroundAlways": false,
    "snapAimIndicator": true,
    "snapAimPitchOvershoot": false,
    "zoomAdjustMouseSensitivity": true,
    "breakingRestrictionMode": "line",
    "elytraCameraIndicator": "with_key",
    "placementRestrictionMode": "face",
    "hotbarSwapOverlayAlignment": "bottom_right",
    "snapAimMode": "yaw",
    "chatTimeFormat": "[HH:mm:ss]",
    "chatBackgroundColor": "#80000000",
    "flexibleBlockPlacementOverlayColor": "#C03030F0",
    "snapAimIndicatorColor": "#603030FF",
    "afterClickerClickCount": 1,
    "blockReachDistance": 4.5,
    "breakingGridSize": 3,
    "fastBlockPlacementCount": 2,
    "fastLeftClickCount": 10,
    "fastRightClickCount": 10,
    "fillCloneLimit": 10000000,
    "flySpeedPreset1": 0.01,
    "flySpeedPreset2": 0.064,
    "flySpeedPreset3": 0.128,
    "flySpeedPreset4": 0.32,
    "gammaOverrideValue": 16.0,
    "handRestockPreThreshold": 6,
    "hotbarSlotCycleMax": 2,
    "hotbarSlotRandomizerMax": 5,
    "hotbarSwapOverlayOffsetX": 4,
    "hotbarSwapOverlayOffsetY": 4,
    "itemSwapDurabilityThreshold": 20,
    "mapPreviewSize": 160,
    "periodicAttackInterval": 20,
    "periodicUseInterval": 20,
    "periodicHoldAttackDuration": 20,
    "periodicHoldAttackInterval": 20,
    "periodicHoldUseDuration": 20,
    "periodicHoldUseInterval": 20,
    "placementGridSize": 3,
    "placementLimit": 3,
    "potionWarningThreshold": 600,
    "renderLimitItem": -1,
    "renderLimitXPOrb": -1,
    "snapAimPitchStep": 12.5,
    "snapAimYawStep": 45.0,
    "structureBlockMaxSize": 128,
    "zoomFov": 30.0
  },
  "GenericHotkeys": {
    "accurateBlockPlacementInto": {
      "keys": "",
      "settings": {
        "activate_on": "PRESS",
        "context": "INGAME",
        "allow_empty": false,
        "allow_extra_keys": true,
        "order_sensitive": true,
        "exclusive": false,
        "cancel": true
      }
    },
    "accurateBlockPlacementReverse": {
      "keys": "",
      "settings": {
        "activate_on": "PRESS",
        "context": "INGAME",
        "allow_empty": false,
        "allow_extra_keys": true,
        "order_sensitive": true,
        "exclusive": false,
        "cancel": true
      }
    },
    "breakingRestrictionModeColumn": {
      "keys": "",
      "settings": {
        "activate_on": "PRESS",
        "context": "INGAME",
        "allow_empty": false,
        "allow_extra_keys": false,
        "order_sensitive": true,
        "exclusive": false,
        "cancel": true
      }
    },
    "breakingRestrictionModeDiagonal": {
      "keys": "",
      "settings": {
        "activate_on": "PRESS",
        "context": "INGAME",
        "allow_empty": false,
        "allow_extra_keys": false,
        "order_sensitive": true,
        "exclusive": false,
        "cancel": true
      }
    },
    "breakingRestrictionModeFace": {
      "keys": "",
      "settings": {
        "activate_on": "PRESS",
        "context": "INGAME",
        "allow_empty": false,
        "allow_extra_keys": false,
        "order_sensitive": true,
        "exclusive": false,
        "cancel": true
      }
    },
    "breakingRestrictionModeLayer": {
      "keys": "",
      "settings": {
        "activate_on": "PRESS",
        "context": "INGAME",
        "allow_empty": false,
        "allow_extra_keys": false,
        "order_sensitive": true,
        "exclusive": false,
        "cancel": true
      }
    },
    "breakingRestrictionModeLine": {
      "keys": "",
      "settings": {
        "activate_on": "PRESS",
        "context": "INGAME",
        "allow_empty": false,
        "allow_extra_keys": false,
        "order_sensitive": true,
        "exclusive": false,
        "cancel": true
      }
    },
    "breakingRestrictionModePlane": {
      "keys": "",
      "settings": {
        "activate_on": "PRESS",
        "context": "INGAME",
        "allow_empty": false,
        "allow_extra_keys": false,
        "order_sensitive": true,
        "exclusive": false,
        "cancel": true
      }
    },
    "copySignText": {
      "keys": "",
      "settings": {
        "activate_on": "PRESS",
        "context": "INGAME",
        "allow_empty": false,
        "allow_extra_keys": false,
        "order_sensitive": true,
        "exclusive": false,
        "cancel": true
      }
    },
    "elytraCamera": {
      "keys": "",
      "settings": {
        "activate_on": "PRESS",
        "context": "INGAME",
        "allow_empty": false,
        "allow_extra_keys": false,
        "order_sensitive": true,
        "exclusive": false,
        "cancel": true
      }
    },
    "flexibleBlockPlacementAdjacent": {
      "keys": "",
      "settings": {
        "activate_on": "PRESS",
        "context": "INGAME",
        "allow_empty": false,
        "allow_extra_keys": true,
        "order_sensitive": true,
        "exclusive": false,
        "cancel": true
      }
    },
    "flexibleBlockPlacementOffset": {
      "keys": "LEFT_CONTROL",
      "settings": {
        "activate_on": "PRESS",
        "context": "INGAME",
        "allow_empty": false,
        "allow_extra_keys": true,
        "order_sensitive": true,
        "exclusive": false,
        "cancel": true
      }
    },
    "flexibleBlockPlacementRotation": {
      "keys": "LEFT_ALT",
      "settings": {
        "activate_on": "PRESS",
        "context": "INGAME",
        "allow_empty": false,
        "allow_extra_keys": true,
        "order_sensitive": true,
        "exclusive": false,
        "cancel": true
      }
    },
    "flyPreset1": {
      "keys": "",
      "settings": {
        "activate_on": "PRESS",
        "context": "INGAME",
        "allow_empty": false,
        "allow_extra_keys": false,
        "order_sensitive": true,
        "exclusive": false,
        "cancel": true
      }
    },
    "flyPreset2": {
      "keys": "",
      "settings": {
        "activate_on": "PRESS",
        "context": "INGAME",
        "allow_empty": false,
        "allow_extra_keys": false,
        "order_sensitive": true,
        "exclusive": false,
        "cancel": true
      }
    },
    "flyPreset3": {
      "keys": "",
      "settings": {
        "activate_on": "PRESS",
        "context": "INGAME",
        "allow_empty": false,
        "allow_extra_keys": false,
        "order_sensitive": true,
        "exclusive": false,
        "cancel": true
      }
    },
    "flyPreset4": {
      "keys": "",
      "settings": {
        "activate_on": "PRESS",
        "context": "INGAME",
        "allow_empty": false,
        "allow_extra_keys": false,
        "order_sensitive": true,
        "exclusive": false,
        "cancel": true
      }
    },
    "freeCameraPlayerInputs": {
      "keys": "",
      "settings": {
        "activate_on": "PRESS",
        "context": "INGAME",
        "allow_empty": false,
        "allow_extra_keys": false,
        "order_sensitive": true,
        "exclusive": false,
        "cancel": true
      }
    },
    "freeCameraPlayerMovement": {
      "keys": "",
      "settings": {
        "activate_on": "PRESS",
        "context": "INGAME",
        "allow_empty": false,
        "allow_extra_keys": false,
        "order_sensitive": true,
        "exclusive": false,
        "cancel": true
      }
    },
    "hotbarScroll": {
      "keys": "",
      "settings": {
        "activate_on": "RELEASE",
        "context": "INGAME",
        "allow_empty": false,
        "allow_extra_keys": true,
        "order_sensitive": true,
        "exclusive": false,
        "cancel": false
      }
    },
    "hotbarSwapBase": {
      "keys": "",
      "settings": {
        "activate_on": "PRESS",
        "context": "INGAME",
        "allow_empty": false,
        "allow_extra_keys": true,
        "order_sensitive": true,
        "exclusive": false,
        "cancel": true
      }
    },
    "hotbarSwap1": {
      "keys": "",
      "settings": {
        "activate_on": "PRESS",
        "context": "INGAME",
        "allow_empty": false,
        "allow_extra_keys": false,
        "order_sensitive": true,
        "exclusive": false,
        "cancel": true
      }
    },
    "hotbarSwap2": {
      "keys": "",
      "settings": {
        "activate_on": "PRESS",
        "context": "INGAME",
        "allow_empty": false,
        "allow_extra_keys": false,
        "order_sensitive": true,
        "exclusive": false,
        "cancel": true
      }
    },
    "hotbarSwap3": {
      "keys": "",
      "settings": {
        "activate_on": "PRESS",
        "context": "INGAME",
        "allow_empty": false,
        "allow_extra_keys": false,
        "order_sensitive": true,
        "exclusive": false,
        "cancel": true
      }
    },
    "inventoryPreview": {
      "keys": "LEFT_ALT",
      "settings": {
        "activate_on": "PRESS",
        "context": "INGAME",
        "allow_empty": false,
        "allow_extra_keys": true,
        "order_sensitive": true,
        "exclusive": false,
        "cancel": true
      }
    },
    "openConfigGui": {
      "keys": "X,C",
      "settings": {
        "activate_on": "PRESS",
        "context": "INGAME",
        "allow_empty": false,
        "allow_extra_keys": false,
        "order_sensitive": true,
        "exclusive": false,
        "cancel": true
      }
    },
    "placementYMirror": {
      "keys": "",
      "settings": {
        "activate_on": "PRESS",
        "context": "INGAME",
        "allow_empty": false,
        "allow_extra_keys": true,
        "order_sensitive": true,
        "exclusive": false,
        "cancel": true
      }
    },
    "playerInventoryPeek": {
      "keys": "",
      "settings": {
        "activate_on": "PRESS",
        "context": "INGAME",
        "allow_empty": false,
        "allow_extra_keys": true,
        "order_sensitive": true,
        "exclusive": false,
        "cancel": true
      }
    },
    "placementRestrictionModeColumn": {
      "keys": "Z,3",
      "settings": {
        "activate_on": "PRESS",
        "context": "INGAME",
        "allow_empty": false,
        "allow_extra_keys": false,
        "order_sensitive": true,
        "exclusive": false,
        "cancel": true
      }
    },
    "placementRestrictionModeDiagonal": {
      "keys": "Z,5",
      "settings": {
        "activate_on": "PRESS",
        "context": "INGAME",
        "allow_empty": false,
        "allow_extra_keys": false,
        "order_sensitive": true,
        "exclusive": false,
        "cancel": true
      }
    },
    "placementRestrictionModeFace": {
      "keys": "Z,2",
      "settings": {
        "activate_on": "PRESS",
        "context": "INGAME",
        "allow_empty": false,
        "allow_extra_keys": false,
        "order_sensitive": true,
        "exclusive": false,
        "cancel": true
      }
    },
    "placementRestrictionModeLayer": {
      "keys": "Z,6",
      "settings": {
        "activate_on": "PRESS",
        "context": "INGAME",
        "allow_empty": false,
        "allow_extra_keys": false,
        "order_sensitive": true,
        "exclusive": false,
        "cancel": true
      }
    },
    "placementRestrictionModeLine": {
      "keys": "Z,4",
      "settings": {
        "activate_on": "PRESS",
        "context": "INGAME",
        "allow_empty": false,
        "allow_extra_keys": false,
        "order_sensitive": true,
        "exclusive": false,
        "cancel": true
      }
    },
    "placementRestrictionModePlane": {
      "keys": "Z,1",
      "settings": {
        "activate_on": "PRESS",
        "context": "INGAME",
        "allow_empty": false,
        "allow_extra_keys": false,
        "order_sensitive": true,
        "exclusive": false,
        "cancel": true
      }
    },
    "skipAllRendering": {
      "keys": "",
      "settings": {
        "activate_on": "PRESS",
        "context": "INGAME",
        "allow_empty": false,
        "allow_extra_keys": false,
        "order_sensitive": true,
        "exclusive": false,
        "cancel": true
      }
    },
    "skipWorldRendering": {
      "keys": "",
      "settings": {
        "activate_on": "PRESS",
        "context": "INGAME",
        "allow_empty": false,
        "allow_extra_keys": false,
        "order_sensitive": true,
        "exclusive": false,
        "cancel": true
      }
    },
    "swapElytraChestplate": {
      "keys": "",
      "settings": {
        "activate_on": "PRESS",
        "context": "INGAME",
        "allow_empty": false,
        "allow_extra_keys": false,
        "order_sensitive": true,
        "exclusive": false,
        "cancel": true
      }
    },
    "toggleGrabCursor": {
      "keys": "",
      "settings": {
        "activate_on": "PRESS",
        "context": "INGAME",
        "allow_empty": false,
        "allow_extra_keys": false,
        "order_sensitive": true,
        "exclusive": false,
        "cancel": true
      }
    },
    "toolPick": {
      "keys": "",
      "settings": {
        "activate_on": "PRESS",
        "context": "INGAME",
        "allow_empty": false,
        "allow_extra_keys": false,
        "order_sensitive": true,
        "exclusive": false,
        "cancel": true
      }
    },
    "zoomActivate": {
      "keys": "",
      "settings": {
        "activate_on": "BOTH",
        "context": "INGAME",
        "allow_empty": false,
        "allow_extra_keys": true,
        "order_sensitive": false,
        "exclusive": false,
        "cancel": false
      }
    }
  },
  "Internal": {
    "flySpeedPreset": 0,
    "gammaValueOriginal": 0.5,
    "hotbarScrollCurrentRow": 3,
    "slimeBlockSlipperinessOriginal": 0.800000011920929,
    "snapAimLastYaw": 0.0
  },
  "Lists": {
    "creativeExtraItems": [
      "minecraft:command_block",
      "minecraft:chain_command_block",
      "minecraft:repeating_command_block",
      "minecraft:dragon_egg",
      "minecraft:structure_void",
      "minecraft:structure_block",
      "minecraft:structure_block{BlockEntityTag:{mode:\"SAVE\"}}",
      "minecraft:structure_block{BlockEntityTag:{mode:\"LOAD\"}}",
      "minecraft:structure_block{BlockEntityTag:{mode:\"CORNER\"}}"
    ],
    "fastPlacementItemListType": "blacklist",
    "fastRightClickBlockListType": "blacklist",
    "fastRightClickListType": "none",
    "potionWarningListType": "none",
    "fastPlacementItemBlackList": [
      "minecraft:ender_chest",
      "minecraft:white_shulker_box"
    ],
    "fastPlacementItemWhiteList": [],
    "fastRightClickBlockBlackList": [
      "minecraft:chest",
      "minecraft:ender_chest",
      "minecraft:trapped_chest",
      "minecraft:white_shulker_box"
    ],
    "fastRightClickBlockWhiteList": [],
    "fastRightClickBlackList": [
      "minecraft:fireworks"
    ],
    "fastRightClickWhiteList": [
      "minecraft:bucket",
      "minecraft:water_bucket",
      "minecraft:lava_bucket",
      "minecraft:glass_bottle"
    ],
    "flatWorldPresets": [
      "White Glass;1*minecraft:white_stained_glass;minecraft:plains;;minecraft:white_stained_glass",
      "Glass;1*minecraft:glass;minecraft:plains;;minecraft:glass"
    ],
    "potionWarningBlackList": [
      "minecraft:hunger",
      "minecraft:mining_fatigue",
      "minecraft:nausea",
      "minecraft:poison",
      "minecraft:slowness",
      "minecraft:weakness"
    ],
    "potionWarningWhiteList": [
      "minecraft:fire_resistance",
      "minecraft:invisibility",
      "minecraft:water_breathing"
    ],
    "repairModeSlots": [
      "mainhand",
      "offhand"
    ],
    "unstackingItems": [
      "minecraft:bucket",
      "minecraft:glass_bottle"
    ]
  },
  "DisableToggles": {
    "disableArmorStandRendering": false,
    "disableAxeStripping": false,
    "disableBlockBreakingParticles": false,
    "disableDoubleTapSprint": false,
    "disableBossFog": false,
    "disableClientEntityUpdates": false,
    "disableDeadMobRendering": false,
    "disableDeadMobTargeting": false,
    "disableEntityRendering": false,
    "disableEntityTicking": false,
    "disableFallingBlockEntityRendering": false,
    "disableInventoryEffectRendering": false,
    "disableItemSwitchRenderCooldown": false,
    "disableMobSpawnerMobRendering": false,
    "disableNauseaEffect": false,
    "disableNetherFog": false,
    "disableObserver": false,
    "disableOffhandRendering": false,
    "disableParticles": false,
    "disablePortalGuiClosing": false,
    "disableRainEffects": false,
    "disableRenderingScaffolding": false,
    "disableRenderDistanceFog": false,
    "disableSignGui": false,
    "disableSlimeBlockSlowdown": false,
    "disableTileEntityRendering": false,
    "disableTileEntityTicking": false,
    "disableVillagerTradeLocking": false,
    "disableWallUnsprint": false,
    "disableWorldViewBob": false
  },
  "DisableHotkeys": {
    "disableArmorStandRendering": {
      "keys": "",
      "settings": {
        "activate_on": "PRESS",
        "context": "INGAME",
        "allow_empty": false,
        "allow_extra_keys": false,
        "order_sensitive": true,
        "exclusive": false,
        "cancel": true
      }
    },
    "disableAxeStripping": {
      "keys": "",
      "settings": {
        "activate_on": "PRESS",
        "context": "INGAME",
        "allow_empty": false,
        "allow_extra_keys": false,
        "order_sensitive": true,
        "exclusive": false,
        "cancel": true
      }
    },
    "disableBlockBreakingParticles": {
      "keys": "",
      "settings": {
        "activate_on": "PRESS",
        "context": "INGAME",
        "allow_empty": false,
        "allow_extra_keys": false,
        "order_sensitive": true,
        "exclusive": false,
        "cancel": true
      }
    },
    "disableDoubleTapSprint": {
      "keys": "",
      "settings": {
        "activate_on": "PRESS",
        "context": "INGAME",
        "allow_empty": false,
        "allow_extra_keys": false,
        "order_sensitive": true,
        "exclusive": false,
        "cancel": true
      }
    },
    "disableBossFog": {
      "keys": "",
      "settings": {
        "activate_on": "PRESS",
        "context": "INGAME",
        "allow_empty": false,
        "allow_extra_keys": false,
        "order_sensitive": true,
        "exclusive": false,
        "cancel": true
      }
    },
    "disableClientEntityUpdates": {
      "keys": "",
      "settings": {
        "activate_on": "PRESS",
        "context": "INGAME",
        "allow_empty": false,
        "allow_extra_keys": false,
        "order_sensitive": true,
        "exclusive": false,
        "cancel": true
      }
    },
    "disableDeadMobRendering": {
      "keys": "",
      "settings": {
        "activate_on": "PRESS",
        "context": "INGAME",
        "allow_empty": false,
        "allow_extra_keys": false,
        "order_sensitive": true,
        "exclusive": false,
        "cancel": true
      }
    },
    "disableDeadMobTargeting": {
      "keys": "",
      "settings": {
        "activate_on": "PRESS",
        "context": "INGAME",
        "allow_empty": false,
        "allow_extra_keys": false,
        "order_sensitive": true,
        "exclusive": false,
        "cancel": true
      }
    },
    "disableEntityRendering": {
      "keys": "",
      "settings": {
        "activate_on": "PRESS",
        "context": "INGAME",
        "allow_empty": false,
        "allow_extra_keys": false,
        "order_sensitive": true,
        "exclusive": false,
        "cancel": true
      }
    },
    "disableEntityTicking": {
      "keys": "",
      "settings": {
        "activate_on": "PRESS",
        "context": "INGAME",
        "allow_empty": false,
        "allow_extra_keys": false,
        "order_sensitive": true,
        "exclusive": false,
        "cancel": true
      }
    },
    "disableFallingBlockEntityRendering": {
      "keys": "",
      "settings": {
        "activate_on": "PRESS",
        "context": "INGAME",
        "allow_empty": false,
        "allow_extra_keys": false,
        "order_sensitive": true,
        "exclusive": false,
        "cancel": true
      }
    },
    "disableInventoryEffectRendering": {
      "keys": "",
      "settings": {
        "activate_on": "PRESS",
        "context": "INGAME",
        "allow_empty": false,
        "allow_extra_keys": false,
        "order_sensitive": true,
        "exclusive": false,
        "cancel": true
      }
    },
    "disableItemSwitchRenderCooldown": {
      "keys": "",
      "settings": {
        "activate_on": "PRESS",
        "context": "INGAME",
        "allow_empty": false,
        "allow_extra_keys": false,
        "order_sensitive": true,
        "exclusive": false,
        "cancel": true
      }
    },
    "disableMobSpawnerMobRendering": {
      "keys": "",
      "settings": {
        "activate_on": "PRESS",
        "context": "INGAME",
        "allow_empty": false,
        "allow_extra_keys": false,
        "order_sensitive": true,
        "exclusive": false,
        "cancel": true
      }
    },
    "disableNauseaEffect": {
      "keys": "",
      "settings": {
        "activate_on": "PRESS",
        "context": "INGAME",
        "allow_empty": false,
        "allow_extra_keys": false,
        "order_sensitive": true,
        "exclusive": false,
        "cancel": true
      }
    },
    "disableNetherFog": {
      "keys": "",
      "settings": {
        "activate_on": "PRESS",
        "context": "INGAME",
        "allow_empty": false,
        "allow_extra_keys": false,
        "order_sensitive": true,
        "exclusive": false,
        "cancel": true
      }
    },
    "disableObserver": {
      "keys": "",
      "settings": {
        "activate_on": "PRESS",
        "context": "INGAME",
        "allow_empty": false,
        "allow_extra_keys": false,
        "order_sensitive": true,
        "exclusive": false,
        "cancel": true
      }
    },
    "disableOffhandRendering": {
      "keys": "",
      "settings": {
        "activate_on": "PRESS",
        "context": "INGAME",
        "allow_empty": false,
        "allow_extra_keys": false,
        "order_sensitive": true,
        "exclusive": false,
        "cancel": true
      }
    },
    "disableParticles": {
      "keys": "",
      "settings": {
        "activate_on": "PRESS",
        "context": "INGAME",
        "allow_empty": false,
        "allow_extra_keys": false,
        "order_sensitive": true,
        "exclusive": false,
        "cancel": true
      }
    },
    "disablePortalGuiClosing": {
      "keys": "",
      "settings": {
        "activate_on": "PRESS",
        "context": "INGAME",
        "allow_empty": false,
        "allow_extra_keys": false,
        "order_sensitive": true,
        "exclusive": false,
        "cancel": true
      }
    },
    "disableRainEffects": {
      "keys": "",
      "settings": {
        "activate_on": "PRESS",
        "context": "INGAME",
        "allow_empty": false,
        "allow_extra_keys": false,
        "order_sensitive": true,
        "exclusive": false,
        "cancel": true
      }
    },
    "disableRenderingScaffolding": {
      "keys": "",
      "settings": {
        "activate_on": "PRESS",
        "context": "INGAME",
        "allow_empty": false,
        "allow_extra_keys": false,
        "order_sensitive": true,
        "exclusive": false,
        "cancel": true
      }
    },
    "disableRenderDistanceFog": {
      "keys": "",
      "settings": {
        "activate_on": "PRESS",
        "context": "INGAME",
        "allow_empty": false,
        "allow_extra_keys": false,
        "order_sensitive": true,
        "exclusive": false,
        "cancel": true
      }
    },
    "disableSignGui": {
      "keys": "",
      "settings": {
        "activate_on": "PRESS",
        "context": "INGAME",
        "allow_empty": false,
        "allow_extra_keys": false,
        "order_sensitive": true,
        "exclusive": false,
        "cancel": true
      }
    },
    "disableSlimeBlockSlowdown": {
      "keys": "",
      "settings": {
        "activate_on": "PRESS",
        "context": "INGAME",
        "allow_empty": false,
        "allow_extra_keys": false,
        "order_sensitive": true,
        "exclusive": false,
        "cancel": true
      }
    },
    "disableTileEntityRendering": {
      "keys": "",
      "settings": {
        "activate_on": "PRESS",
        "context": "INGAME",
        "allow_empty": false,
        "allow_extra_keys": false,
        "order_sensitive": true,
        "exclusive": false,
        "cancel": true
      }
    },
    "disableTileEntityTicking": {
      "keys": "",
      "settings": {
        "activate_on": "PRESS",
        "context": "INGAME",
        "allow_empty": false,
        "allow_extra_keys": false,
        "order_sensitive": true,
        "exclusive": false,
        "cancel": true
      }
    },
    "disableVillagerTradeLocking": {
      "keys": "",
      "settings": {
        "activate_on": "PRESS",
        "context": "INGAME",
        "allow_empty": false,
        "allow_extra_keys": false,
        "order_sensitive": true,
        "exclusive": false,
        "cancel": true
      }
    },
    "disableWallUnsprint": {
      "keys": "",
      "settings": {
        "activate_on": "PRESS",
        "context": "INGAME",
        "allow_empty": false,
        "allow_extra_keys": false,
        "order_sensitive": true,
        "exclusive": false,
        "cancel": true
      }
    },
    "disableWorldViewBob": {
      "keys": "",
      "settings": {
        "activate_on": "PRESS",
        "context": "INGAME",
        "allow_empty": false,
        "allow_extra_keys": false,
        "order_sensitive": true,
        "exclusive": false,
        "cancel": true
      }
    }
  },
  "TweakToggles": {
    "carpetAccuratePlacementProtocol": false,
    "fastPlacementRememberOrientation": true,
    "rememberFlexibleFromClick": true,
    "tweakAccurateBlockPlacement": false,
    "tweakAfterClicker": false,
    "tweakAimLock": false,
    "tweakAngelBlock": false,
    "tweakBlockReachOverride": false,
    "tweakBreakingGrid": false,
    "tweakBreakingRestriction": false,
    "tweakChatBackgroundColor": false,
    "tweakChatPersistentText": false,
    "tweakChatTimestamp": false,
    "tweakCommandBlockExtraFields": false,
    "tweakCreativeExtraItems": false,
    "tweakCustomFlatPresets": false,
    "tweakElytraCamera": false,
    "tweakEmptyShulkerBoxesStack": false,
    "tweakEmptyShulkerBoxesStackOnGround": false,
    "tweakExplosionReducedParticles": false,
    "tweakF3Cursor": false,
    "tweakFakeSneaking": false,
    "tweakFakeSneakPlacement": false,
    "tweakFastBlockPlacement": false,
    "tweakFastLeftClick": false,
    "tweakFastRightClick": false,
    "tweakFillCloneLimit": false,
    "tweakFlySpeed": false,
    "tweakFlexibleBlockPlacement": false,
    "tweakFreeCamera": false,
    "tweakGammaOverride": false,
    "tweakHandRestock": false,
    "tweakHangableEntityBypass": false,
    "tweakHoldAttack": false,
    "tweakHoldUse": false,
    "tweakHotbarScroll": false,
    "tweakHotbarSlotCycle": false,
    "tweakHotbarSlotRandomizer": false,
    "tweakHotbarSwap": false,
    "tweakInventoryPreview": false,
    "tweakItemUnstackingProtection": false,
    "tweakLavaVisibility": false,
    "tweakMapPreview": false,
    "tweakMovementKeysLast": false,
    "tweakPeriodicAttack": false,
    "tweakPeriodicUse": false,
    "tweakPeriodicHoldAttack": false,
    "tweakPeriodicHoldUse": false,
    "tweakPermanentSneak": false,
    "tweakPermanentSprint": false,
    "tweakPlacementGrid": false,
    "tweakPlacementLimit": false,
    "tweakPlacementRestriction": false,
    "tweakPlacementRestrictionFirst": false,
    "tweakPlacementRestrictionHand": false,
    "tweakPlayerInventoryPeek": false,
    "tweakPotionWarning": false,
    "tweakPrintDeathCoordinates": false,
    "tweakPickBeforePlace": false,
    "tweakPlayerListAlwaysVisible": false,
    "tweakRemoveOwnPotionEffects": false,
    "tweakRenderEdgeChunks": false,
    "tweakRenderInvisibleEntities": false,
    "tweakRenderLimitEntities": false,
    "tweakRepairMode": false,
    "tweakShulkerBoxDisplay": false,
    "tweakSignCopy": false,
    "tweakSnapAim": false,
    "tweakSnapAimLock": false,
    "tweakSneak_1.15.2": false,
    "tweakSpectatorTeleport": false,
    "tweakStructureBlockLimit": false,
    "tweakSwapAlmostBrokenTools": false,
    "tweakTabCompleteCoordinate": false,
    "tweakToolSwitch": false,
    "tweakYMirror": false,
    "tweakZoom": false
  },
  "TweakHotkeys": {
    "carpetAccuratePlacementProtocol": {
      "keys": "",
      "settings": {
        "activate_on": "PRESS",
        "context": "INGAME",
        "allow_empty": false,
        "allow_extra_keys": false,
        "order_sensitive": true,
        "exclusive": false,
        "cancel": true
      }
    },
    "fastPlacementRememberOrientation": {
      "keys": "",
      "settings": {
        "activate_on": "PRESS",
        "context": "INGAME",
        "allow_empty": false,
        "allow_extra_keys": false,
        "order_sensitive": true,
        "exclusive": false,
        "cancel": true
      }
    },
    "rememberFlexibleFromClick": {
      "keys": "",
      "settings": {
        "activate_on": "PRESS",
        "context": "INGAME",
        "allow_empty": false,
        "allow_extra_keys": false,
        "order_sensitive": true,
        "exclusive": false,
        "cancel": true
      }
    },
    "tweakAccurateBlockPlacement": {
      "keys": "",
      "settings": {
        "activate_on": "PRESS",
        "context": "INGAME",
        "allow_empty": false,
        "allow_extra_keys": false,
        "order_sensitive": true,
        "exclusive": false,
        "cancel": true
      }
    },
    "tweakAfterClicker": {
      "keys": "",
      "settings": {
        "activate_on": "BOTH",
        "context": "INGAME",
        "allow_empty": false,
        "allow_extra_keys": false,
        "order_sensitive": true,
        "exclusive": false,
        "cancel": true
      }
    },
    "tweakAimLock": {
      "keys": "",
      "settings": {
        "activate_on": "PRESS",
        "context": "INGAME",
        "allow_empty": false,
        "allow_extra_keys": false,
        "order_sensitive": true,
        "exclusive": false,
        "cancel": true
      }
    },
    "tweakAngelBlock": {
      "keys": "",
      "settings": {
        "activate_on": "PRESS",
        "context": "INGAME",
        "allow_empty": false,
        "allow_extra_keys": false,
        "order_sensitive": true,
        "exclusive": false,
        "cancel": true
      }
    },
    "tweakBlockReachOverride": {
      "keys": "",
      "settings": {
        "activate_on": "PRESS",
        "context": "INGAME",
        "allow_empty": false,
        "allow_extra_keys": false,
        "order_sensitive": true,
        "exclusive": false,
        "cancel": true
      }
    },
    "tweakBreakingGrid": {
      "keys": "",
      "settings": {
        "activate_on": "BOTH",
        "context": "INGAME",
        "allow_empty": false,
        "allow_extra_keys": false,
        "order_sensitive": true,
        "exclusive": false,
        "cancel": true
      }
    },
    "tweakBreakingRestriction": {
      "keys": "",
      "settings": {
        "activate_on": "PRESS",
        "context": "INGAME",
        "allow_empty": false,
        "allow_extra_keys": false,
        "order_sensitive": true,
        "exclusive": false,
        "cancel": true
      }
    },
    "tweakChatBackgroundColor": {
      "keys": "",
      "settings": {
        "activate_on": "PRESS",
        "context": "INGAME",
        "allow_empty": false,
        "allow_extra_keys": false,
        "order_sensitive": true,
        "exclusive": false,
        "cancel": true
      }
    },
    "tweakChatPersistentText": {
      "keys": "",
      "settings": {
        "activate_on": "PRESS",
        "context": "INGAME",
        "allow_empty": false,
        "allow_extra_keys": false,
        "order_sensitive": true,
        "exclusive": false,
        "cancel": true
      }
    },
    "tweakChatTimestamp": {
      "keys": "",
      "settings": {
        "activate_on": "PRESS",
        "context": "INGAME",
        "allow_empty": false,
        "allow_extra_keys": false,
        "order_sensitive": true,
        "exclusive": false,
        "cancel": true
      }
    },
    "tweakCommandBlockExtraFields": {
      "keys": "",
      "settings": {
        "activate_on": "PRESS",
        "context": "INGAME",
        "allow_empty": false,
        "allow_extra_keys": false,
        "order_sensitive": true,
        "exclusive": false,
        "cancel": true
      }
    },
    "tweakCreativeExtraItems": {
      "keys": "",
      "settings": {
        "activate_on": "PRESS",
        "context": "INGAME",
        "allow_empty": false,
        "allow_extra_keys": false,
        "order_sensitive": true,
        "exclusive": false,
        "cancel": true
      }
    },
    "tweakCustomFlatPresets": {
      "keys": "",
      "settings": {
        "activate_on": "PRESS",
        "context": "INGAME",
        "allow_empty": false,
        "allow_extra_keys": false,
        "order_sensitive": true,
        "exclusive": false,
        "cancel": true
      }
    },
    "tweakElytraCamera": {
      "keys": "",
      "settings": {
        "activate_on": "PRESS",
        "context": "INGAME",
        "allow_empty": false,
        "allow_extra_keys": false,
        "order_sensitive": true,
        "exclusive": false,
        "cancel": true
      }
    },
    "tweakEmptyShulkerBoxesStack": {
      "keys": "",
      "settings": {
        "activate_on": "PRESS",
        "context": "INGAME",
        "allow_empty": false,
        "allow_extra_keys": false,
        "order_sensitive": true,
        "exclusive": false,
        "cancel": true
      }
    },
    "tweakEmptyShulkerBoxesStackOnGround": {
      "keys": "",
      "settings": {
        "activate_on": "PRESS",
        "context": "INGAME",
        "allow_empty": false,
        "allow_extra_keys": false,
        "order_sensitive": true,
        "exclusive": false,
        "cancel": true
      }
    },
    "tweakExplosionReducedParticles": {
      "keys": "",
      "settings": {
        "activate_on": "PRESS",
        "context": "INGAME",
        "allow_empty": false,
        "allow_extra_keys": false,
        "order_sensitive": true,
        "exclusive": false,
        "cancel": true
      }
    },
    "tweakF3Cursor": {
      "keys": "",
      "settings": {
        "activate_on": "PRESS",
        "context": "INGAME",
        "allow_empty": false,
        "allow_extra_keys": false,
        "order_sensitive": true,
        "exclusive": false,
        "cancel": true
      }
    },
    "tweakFakeSneaking": {
      "keys": "",
      "settings": {
        "activate_on": "PRESS",
        "context": "INGAME",
        "allow_empty": false,
        "allow_extra_keys": false,
        "order_sensitive": true,
        "exclusive": false,
        "cancel": true
      }
    },
    "tweakFakeSneakPlacement": {
      "keys": "",
      "settings": {
        "activate_on": "PRESS",
        "context": "INGAME",
        "allow_empty": false,
        "allow_extra_keys": false,
        "order_sensitive": true,
        "exclusive": false,
        "cancel": true
      }
    },
    "tweakFastBlockPlacement": {
      "keys": "",
      "settings": {
        "activate_on": "PRESS",
        "context": "INGAME",
        "allow_empty": false,
        "allow_extra_keys": false,
        "order_sensitive": true,
        "exclusive": false,
        "cancel": true
      }
    },
    "tweakFastLeftClick": {
      "keys": "",
      "settings": {
        "activate_on": "PRESS",
        "context": "INGAME",
        "allow_empty": false,
        "allow_extra_keys": false,
        "order_sensitive": true,
        "exclusive": false,
        "cancel": true
      }
    },
    "tweakFastRightClick": {
      "keys": "",
      "settings": {
        "activate_on": "PRESS",
        "context": "INGAME",
        "allow_empty": false,
        "allow_extra_keys": false,
        "order_sensitive": true,
        "exclusive": false,
        "cancel": true
      }
    },
    "tweakFillCloneLimit": {
      "keys": "",
      "settings": {
        "activate_on": "PRESS",
        "context": "INGAME",
        "allow_empty": false,
        "allow_extra_keys": false,
        "order_sensitive": true,
        "exclusive": false,
        "cancel": true
      }
    },
    "tweakFlySpeed": {
      "keys": "",
      "settings": {
        "activate_on": "BOTH",
        "context": "INGAME",
        "allow_empty": false,
        "allow_extra_keys": false,
        "order_sensitive": true,
        "exclusive": false,
        "cancel": true
      }
    },
    "tweakFlexibleBlockPlacement": {
      "keys": "",
      "settings": {
        "activate_on": "PRESS",
        "context": "INGAME",
        "allow_empty": false,
        "allow_extra_keys": false,
        "order_sensitive": true,
        "exclusive": false,
        "cancel": true
      }
    },
    "tweakFreeCamera": {
      "keys": "",
      "settings": {
        "activate_on": "PRESS",
        "context": "INGAME",
        "allow_empty": false,
        "allow_extra_keys": false,
        "order_sensitive": true,
        "exclusive": false,
        "cancel": true
      }
    },
    "tweakGammaOverride": {
      "keys": "",
      "settings": {
        "activate_on": "PRESS",
        "context": "INGAME",
        "allow_empty": false,
        "allow_extra_keys": false,
        "order_sensitive": true,
        "exclusive": false,
        "cancel": true
      }
    },
    "tweakHandRestock": {
      "keys": "",
      "settings": {
        "activate_on": "PRESS",
        "context": "INGAME",
        "allow_empty": false,
        "allow_extra_keys": false,
        "order_sensitive": true,
        "exclusive": false,
        "cancel": true
      }
    },
    "tweakHangableEntityBypass": {
      "keys": "",
      "settings": {
        "activate_on": "PRESS",
        "context": "INGAME",
        "allow_empty": false,
        "allow_extra_keys": false,
        "order_sensitive": true,
        "exclusive": false,
        "cancel": true
      }
    },
    "tweakHoldAttack": {
      "keys": "",
      "settings": {
        "activate_on": "PRESS",
        "context": "INGAME",
        "allow_empty": false,
        "allow_extra_keys": false,
        "order_sensitive": true,
        "exclusive": false,
        "cancel": true
      }
    },
    "tweakHoldUse": {
      "keys": "",
      "settings": {
        "activate_on": "PRESS",
        "context": "INGAME",
        "allow_empty": false,
        "allow_extra_keys": false,
        "order_sensitive": true,
        "exclusive": false,
        "cancel": true
      }
    },
    "tweakHotbarScroll": {
      "keys": "",
      "settings": {
        "activate_on": "PRESS",
        "context": "INGAME",
        "allow_empty": false,
        "allow_extra_keys": false,
        "order_sensitive": true,
        "exclusive": false,
        "cancel": true
      }
    },
    "tweakHotbarSlotCycle": {
      "keys": "",
      "settings": {
        "activate_on": "BOTH",
        "context": "INGAME",
        "allow_empty": false,
        "allow_extra_keys": false,
        "order_sensitive": true,
        "exclusive": false,
        "cancel": true
      }
    },
    "tweakHotbarSlotRandomizer": {
      "keys": "",
      "settings": {
        "activate_on": "BOTH",
        "context": "INGAME",
        "allow_empty": false,
        "allow_extra_keys": false,
        "order_sensitive": true,
        "exclusive": false,
        "cancel": true
      }
    },
    "tweakHotbarSwap": {
      "keys": "",
      "settings": {
        "activate_on": "PRESS",
        "context": "INGAME",
        "allow_empty": false,
        "allow_extra_keys": false,
        "order_sensitive": true,
        "exclusive": false,
        "cancel": true
      }
    },
    "tweakInventoryPreview": {
      "keys": "",
      "settings": {
        "activate_on": "PRESS",
        "context": "INGAME",
        "allow_empty": false,
        "allow_extra_keys": false,
        "order_sensitive": true,
        "exclusive": false,
        "cancel": true
      }
    },
    "tweakItemUnstackingProtection": {
      "keys": "",
      "settings": {
        "activate_on": "PRESS",
        "context": "INGAME",
        "allow_empty": false,
        "allow_extra_keys": false,
        "order_sensitive": true,
        "exclusive": false,
        "cancel": true
      }
    },
    "tweakLavaVisibility": {
      "keys": "",
      "settings": {
        "activate_on": "PRESS",
        "context": "INGAME",
        "allow_empty": false,
        "allow_extra_keys": false,
        "order_sensitive": true,
        "exclusive": false,
        "cancel": true
      }
    },
    "tweakMapPreview": {
      "keys": "",
      "settings": {
        "activate_on": "PRESS",
        "context": "INGAME",
        "allow_empty": false,
        "allow_extra_keys": false,
        "order_sensitive": true,
        "exclusive": false,
        "cancel": true
      }
    },
    "tweakMovementKeysLast": {
      "keys": "",
      "settings": {
        "activate_on": "PRESS",
        "context": "INGAME",
        "allow_empty": false,
        "allow_extra_keys": false,
        "order_sensitive": true,
        "exclusive": false,
        "cancel": true
      }
    },
    "tweakPeriodicAttack": {
      "keys": "",
      "settings": {
        "activate_on": "PRESS",
        "context": "INGAME",
        "allow_empty": false,
        "allow_extra_keys": false,
        "order_sensitive": true,
        "exclusive": false,
        "cancel": true
      }
    },
    "tweakPeriodicUse": {
      "keys": "",
      "settings": {
        "activate_on": "PRESS",
        "context": "INGAME",
        "allow_empty": false,
        "allow_extra_keys": false,
        "order_sensitive": true,
        "exclusive": false,
        "cancel": true
      }
    },
    "tweakPeriodicHoldAttack": {
      "keys": "",
      "settings": {
        "activate_on": "PRESS",
        "context": "INGAME",
        "allow_empty": false,
        "allow_extra_keys": false,
        "order_sensitive": true,
        "exclusive": false,
        "cancel": true
      }
    },
    "tweakPeriodicHoldUse": {
      "keys": "",
      "settings": {
        "activate_on": "PRESS",
        "context": "INGAME",
        "allow_empty": false,
        "allow_extra_keys": false,
        "order_sensitive": true,
        "exclusive": false,
        "cancel": true
      }
    },
    "tweakPermanentSneak": {
      "keys": "",
      "settings": {
        "activate_on": "PRESS",
        "context": "INGAME",
        "allow_empty": false,
        "allow_extra_keys": false,
        "order_sensitive": true,
        "exclusive": false,
        "cancel": true
      }
    },
    "tweakPermanentSprint": {
      "keys": "",
      "settings": {
        "activate_on": "PRESS",
        "context": "INGAME",
        "allow_empty": false,
        "allow_extra_keys": false,
        "order_sensitive": true,
        "exclusive": false,
        "cancel": true
      }
    },
    "tweakPlacementGrid": {
      "keys": "",
      "settings": {
        "activate_on": "BOTH",
        "context": "INGAME",
        "allow_empty": false,
        "allow_extra_keys": false,
        "order_sensitive": true,
        "exclusive": false,
        "cancel": true
      }
    },
    "tweakPlacementLimit": {
      "keys": "",
      "settings": {
        "activate_on": "BOTH",
        "context": "INGAME",
        "allow_empty": false,
        "allow_extra_keys": false,
        "order_sensitive": true,
        "exclusive": false,
        "cancel": true
      }
    },
    "tweakPlacementRestriction": {
      "keys": "",
      "settings": {
        "activate_on": "PRESS",
        "context": "INGAME",
        "allow_empty": false,
        "allow_extra_keys": false,
        "order_sensitive": true,
        "exclusive": false,
        "cancel": true
      }
    },
    "tweakPlacementRestrictionFirst": {
      "keys": "",
      "settings": {
        "activate_on": "PRESS",
        "context": "INGAME",
        "allow_empty": false,
        "allow_extra_keys": false,
        "order_sensitive": true,
        "exclusive": false,
        "cancel": true
      }
    },
    "tweakPlacementRestrictionHand": {
      "keys": "",
      "settings": {
        "activate_on": "PRESS",
        "context": "INGAME",
        "allow_empty": false,
        "allow_extra_keys": false,
        "order_sensitive": true,
        "exclusive": false,
        "cancel": true
      }
    },
    "tweakPlayerInventoryPeek": {
      "keys": "",
      "settings": {
        "activate_on": "PRESS",
        "context": "INGAME",
        "allow_empty": false,
        "allow_extra_keys": false,
        "order_sensitive": true,
        "exclusive": false,
        "cancel": true
      }
    },
    "tweakPotionWarning": {
      "keys": "",
      "settings": {
        "activate_on": "PRESS",
        "context": "INGAME",
        "allow_empty": false,
        "allow_extra_keys": false,
        "order_sensitive": true,
        "exclusive": false,
        "cancel": true
      }
    },
    "tweakPrintDeathCoordinates": {
      "keys": "",
      "settings": {
        "activate_on": "PRESS",
        "context": "INGAME",
        "allow_empty": false,
        "allow_extra_keys": false,
        "order_sensitive": true,
        "exclusive": false,
        "cancel": true
      }
    },
    "tweakPickBeforePlace": {
      "keys": "",
      "settings": {
        "activate_on": "PRESS",
        "context": "INGAME",
        "allow_empty": false,
        "allow_extra_keys": false,
        "order_sensitive": true,
        "exclusive": false,
        "cancel": true
      }
    },
    "tweakPlayerListAlwaysVisible": {
      "keys": "",
      "settings": {
        "activate_on": "PRESS",
        "context": "INGAME",
        "allow_empty": false,
        "allow_extra_keys": false,
        "order_sensitive": true,
        "exclusive": false,
        "cancel": true
      }
    },
    "tweakRemoveOwnPotionEffects": {
      "keys": "",
      "settings": {
        "activate_on": "PRESS",
        "context": "INGAME",
        "allow_empty": false,
        "allow_extra_keys": false,
        "order_sensitive": true,
        "exclusive": false,
        "cancel": true
      }
    },
    "tweakRenderEdgeChunks": {
      "keys": "",
      "settings": {
        "activate_on": "PRESS",
        "context": "INGAME",
        "allow_empty": false,
        "allow_extra_keys": false,
        "order_sensitive": true,
        "exclusive": false,
        "cancel": true
      }
    },
    "tweakRenderInvisibleEntities": {
      "keys": "",
      "settings": {
        "activate_on": "PRESS",
        "context": "INGAME",
        "allow_empty": false,
        "allow_extra_keys": false,
        "order_sensitive": true,
        "exclusive": false,
        "cancel": true
      }
    },
    "tweakRenderLimitEntities": {
      "keys": "",
      "settings": {
        "activate_on": "PRESS",
        "context": "INGAME",
        "allow_empty": false,
        "allow_extra_keys": false,
        "order_sensitive": true,
        "exclusive": false,
        "cancel": true
      }
    },
    "tweakRepairMode": {
      "keys": "",
      "settings": {
        "activate_on": "PRESS",
        "context": "INGAME",
        "allow_empty": false,
        "allow_extra_keys": false,
        "order_sensitive": true,
        "exclusive": false,
        "cancel": true
      }
    },
    "tweakShulkerBoxDisplay": {
      "keys": "",
      "settings": {
        "activate_on": "PRESS",
        "context": "INGAME",
        "allow_empty": false,
        "allow_extra_keys": false,
        "order_sensitive": true,
        "exclusive": false,
        "cancel": true
      }
    },
    "tweakSignCopy": {
      "keys": "",
      "settings": {
        "activate_on": "PRESS",
        "context": "INGAME",
        "allow_empty": false,
        "allow_extra_keys": false,
        "order_sensitive": true,
        "exclusive": false,
        "cancel": true
      }
    },
    "tweakSnapAim": {
      "keys": "",
      "settings": {
        "activate_on": "BOTH",
        "context": "INGAME",
        "allow_empty": false,
        "allow_extra_keys": false,
        "order_sensitive": true,
        "exclusive": false,
        "cancel": true
      }
    },
    "tweakSnapAimLock": {
      "keys": "",
      "settings": {
        "activate_on": "PRESS",
        "context": "INGAME",
        "allow_empty": false,
        "allow_extra_keys": false,
        "order_sensitive": true,
        "exclusive": false,
        "cancel": true
      }
    },
    "tweakSneak_1.15.2": {
      "keys": "",
      "settings": {
        "activate_on": "PRESS",
        "context": "INGAME",
        "allow_empty": false,
        "allow_extra_keys": false,
        "order_sensitive": true,
        "exclusive": false,
        "cancel": true
      }
    },
    "tweakSpectatorTeleport": {
      "keys": "",
      "settings": {
        "activate_on": "PRESS",
        "context": "INGAME",
        "allow_empty": false,
        "allow_extra_keys": false,
        "order_sensitive": true,
        "exclusive": false,
        "cancel": true
      }
    },
    "tweakStructureBlockLimit": {
      "keys": "",
      "settings": {
        "activate_on": "PRESS",
        "context": "INGAME",
        "allow_empty": false,
        "allow_extra_keys": false,
        "order_sensitive": true,
        "exclusive": false,
        "cancel": true
      }
    },
    "tweakSwapAlmostBrokenTools": {
      "keys": "",
      "settings": {
        "activate_on": "PRESS",
        "context": "INGAME",
        "allow_empty": false,
        "allow_extra_keys": false,
        "order_sensitive": true,
        "exclusive": false,
        "cancel": true
      }
    },
    "tweakTabCompleteCoordinate": {
      "keys": "",
      "settings": {
        "activate_on": "PRESS",
        "context": "INGAME",
        "allow_empty": false,
        "allow_extra_keys": false,
        "order_sensitive": true,
        "exclusive": false,
        "cancel": true
      }
    },
    "tweakToolSwitch": {
      "keys": "",
      "settings": {
        "activate_on": "PRESS",
        "context": "INGAME",
        "allow_empty": false,
        "allow_extra_keys": false,
        "order_sensitive": true,
        "exclusive": false,
        "cancel": true
      }
    },
    "tweakYMirror": {
      "keys": "",
      "settings": {
        "activate_on": "PRESS",
        "context": "INGAME",
        "allow_empty": false,
        "allow_extra_keys": false,
        "order_sensitive": true,
        "exclusive": false,
        "cancel": true
      }
    },
    "tweakZoom": {
      "keys": "",
      "settings": {
        "activate_on": "BOTH",
        "context": "INGAME",
        "allow_empty": false,
        "allow_extra_keys": false,
        "order_sensitive": true,
        "exclusive": false,
        "cancel": true
      }
    }
  }
}