{
  "version": 1,
  "displayDebugData": false,
  "leafSize": 5,
  "leafLifespan": 200,
  "leafSpawnRate": 10,
  "coniferLeafSpawnRate": 0,
  "dropFromPlayerPlacedBlocks": true,
  "minimumFreeSpaceBelow": 1,
  "windEnabled": true,
  "windlessDimensions": [
    "minecraft:the_end",
    "minecraft:the_nether"
  ],
  "leafSettings": {
    "terrestria:rubber_leaves": {
      "spawnRateFactor": 1.0,
      "isConiferBlock": false
    },
    "minecraft:birch_leaves": {
      "spawnRateFactor": 1.0,
      "isConiferBlock": false
    },
    "terrestria:sakura_leaves": {
      "spawnRateFactor": 1.4,
      "isConiferBlock": false
    },
    "minecraft:acacia_leaves": {
      "spawnRateFactor": 1.0,
      "isConiferBlock": false
    },
    "terrestria:rainbow_eucalyptus_leaves": {
      "spawnRateFactor": 1.0,
      "isConiferBlock": false
    },
    "terrestria:japanese_maple_shrub_leaves": {
      "spawnRateFactor": 1.0,
      "isConiferBlock": false
    },
    "traverse:red_autumnal_leaves": {
      "spawnRateFactor": 1.8,
      "isConiferBlock": false
    },
    "traverse:yellow_autumnal_leaves": {
      "spawnRateFactor": 1.8,
      "isConiferBlock": false
    },
    "minecraft:jungle_leaves": {
      "spawnRateFactor": 0.0,
      "isConiferBlock": false
    },
    "traverse:orange_autumnal_leaves": {
      "spawnRateFactor": 1.8,
      "isConiferBlock": false
    },
    "minecraft:oak_leaves": {
      "spawnRateFactor": 1.0,
      "isConiferBlock": false
    },
    "terrestria:yucca_palm_leaves": {
      "spawnRateFactor": 0.0,
      "isConiferBlock": false
    },
    "traverse:fir_leaves": {
      "spawnRateFactor": 1.0,
      "isConiferBlock": true
    },
    "terrestria:cypress_leaves": {
      "spawnRateFactor": 1.0,
      "isConiferBlock": true
    },
    "terrestria:dark_japanese_maple_leaves": {
      "spawnRateFactor": 1.0,
      "isConiferBlock": false
    },
    "traverse:brown_autumnal_leaves": {
      "spawnRateFactor": 1.8,
      "isConiferBlock": false
    },
    "terrestria:japanese_maple_leaves": {
      "spawnRateFactor": 1.0,
      "isConiferBlock": false
    },
    "betterend:lacugrove_leaves": {
      "spawnRateFactor": 1.0,
      "isConiferBlock": false
    },
    "minecraft:dark_oak_leaves": {
      "spawnRateFactor": 1.0,
      "isConiferBlock": false
    },
    "vanillaenhanced:redwood_leaves": {
      "spawnRateFactor": 1.0,
      "isConiferBlock": false
    },
    "terrestria:willow_leaves": {
      "spawnRateFactor": 1.0,
      "isConiferBlock": false
    },
    "terrestria:jungle_palm_leaves": {
      "spawnRateFactor": 0.0,
      "isConiferBlock": false
    },
    "minecraft:spruce_leaves": {
      "spawnRateFactor": 1.0,
      "isConiferBlock": true
    },
    "terrestria:hemlock_leaves": {
      "spawnRateFactor": 1.0,
      "isConiferBlock": true
    },
    "terrestria:redwood_leaves": {
      "spawnRateFactor": 1.0,
      "isConiferBlock": true
    },
    "blockus:legacy_leaves": {
      "spawnRateFactor": 1.0,
      "isConiferBlock": false
    },
    "blockus:white_oak_leaves": {
      "spawnRateFactor": 1.0,
      "isConiferBlock": false
    }
  }
}