{
  "easyHarvestCrops": true,
  "easyHarvestSugarcane": true,
  "easyHarvestDropAsItems": true,
  "autoPlanting": {
    "enabled": true,
    "delay": 200
  },
  "rejuvenation": {
    "enabled": true,
    "grassGrowthRate": 5.0E-4,
    "thePowerOfFriendship": 1.0,
    "longGrass": 0.01,
    "saplings": false
  },
  "plantHitboxes": true,
  "leaves": {
    "collide": true,
    "persistentCollide": true,
    "slow": true,
    "slowAmount": 0.75,
    "climb": true,
    "treeClimbingSpeed": 0.75
  },
  "leafDecaySpeed": 1,
  "betterLilyPads": true,
  "farmerVillagerAutomation": true,
  "animalsEatOffGround": true,
  "animalsEatCrops": false,
  "netherRejuvenation": {
    "enabled": true,
    "rootsGrowthRate": 5.0E-4,
    "thePowerOfFriendship": 1.0025,
    "sproutRootsRatio": 75,
    "vinesChance": 0.01
  },
  "blueSoulFireEffects": true,
  "soulFireDoesMoreDamage": true,
  "flintAndSteel": {
    "enabled": true,
    "burnTime": 3
  },
  "lanternBlastResistance": true,
  "namesAndThings": {
    "containerLabels": true,
    "labelScale": 100
  },
  "mossyThings": true,
  "burningLogsDropCharcoal": true,
  "doubleDoors": true,
  "bubbleColumnsFlow": true,
  "infiniteCauldrons": true,
  "easyXp": true,
  "snowFallsThroughLeaves": true,
  "armorStandSwap": true,
  "automaticDoors": false
}